DeductionID,EmployeeID,AttendanceID,Reason,AmountDeducted,Date,TotalDeduction
1,218,21,Absent,141,12/16/2024,101
2,145,359,Absent,118,11/6/2024,193
3,73,181,Late,160,2/8/2025,162
4,53,19,Absent,130,9/21/2025,118
5,57,225,Late,59,12/3/2024,152
6,169,373,Absent,135,10/26/2024,8
7,489,100,Penalty,143,2/13/2025,16
8,79,19,Late,57,3/10/2025,48
9,241,190,Late,71,4/16/2025,31
10,481,365,Absent,142,10/31/2024,70
11,55,112,Penalty,192,8/10/2025,171
12,373,195,Late,92,7/16/2025,169
13,96,205,Absent,81,8/22/2025,35
14,89,256,Absent,190,9/29/2025,128
15,207,154,Penalty,182,7/17/2025,40
16,253,258,Late,51,11/5/2024,76
17,287,225,Late,93,2/26/2025,126
18,5,384,Penalty,53,7/11/2025,78
19,381,369,Late,163,10/2/2025,122
20,128,44,Penalty,159,11/17/2024,57
21,46,433,Late,131,5/30/2025,65
22,29,227,Absent,141,7/23/2025,168
23,421,383,Late,176,6/12/2025,195
24,365,84,Absent,189,7/3/2025,96
25,411,415,Late,95,9/14/2025,1
26,220,482,Penalty,100,3/9/2025,133
27,440,450,Penalty,176,5/16/2025,48
28,90,248,Absent,158,10/14/2025,19
29,205,464,Absent,168,2/5/2025,66
30,102,448,Penalty,144,10/17/2025,30
31,439,145,Late,167,6/22/2025,39
32,17,257,Late,95,12/17/2024,16
33,149,438,Penalty,115,9/2/2025,66
34,246,6,Penalty,148,5/13/2025,28
35,169,303,Penalty,142,11/9/2024,83
36,229,428,Absent,91,3/16/2025,33
37,362,152,Late,185,12/31/2024,38
38,333,39,Penalty,96,2/10/2025,2
39,268,41,Absent,156,6/12/2025,158
40,290,480,Absent,148,3/20/2025,185
41,237,359,Penalty,162,12/25/2024,88
42,101,225,Late,60,12/10/2024,167
43,302,286,Penalty,84,5/29/2025,198
44,178,168,Late,111,11/17/2024,35
45,410,125,Late,100,8/2/2025,77
46,91,269,Absent,196,10/19/2024,34
47,334,156,Penalty,150,8/17/2025,44
48,295,483,Absent,118,12/31/2024,54
49,25,152,Absent,105,6/25/2025,106
50,469,75,Penalty,98,12/2/2024,108
51,72,395,Penalty,54,5/18/2025,169
52,208,382,Absent,164,7/22/2025,86
53,300,439,Absent,136,1/27/2025,18
54,481,404,Late,56,1/6/2025,174
55,331,317,Penalty,86,5/2/2025,130
56,329,3,Absent,180,4/22/2025,111
57,241,222,Penalty,90,5/29/2025,125
58,174,132,Penalty,70,6/4/2025,108
59,132,141,Absent,137,4/5/2025,66
60,475,317,Late,153,5/27/2025,10
61,341,251,Late,114,12/23/2024,125
62,462,351,Absent,85,8/13/2025,141
63,329,27,Penalty,135,11/15/2024,92
64,488,146,Penalty,136,1/14/2025,87
65,1,261,Late,132,10/13/2025,2
66,150,388,Penalty,195,2/16/2025,129
67,276,85,Late,122,2/23/2025,166
68,375,404,Penalty,155,4/13/2025,186
69,484,148,Penalty,106,1/5/2025,41
70,425,425,Penalty,179,1/2/2025,120
71,423,32,Absent,144,1/14/2025,57
72,440,233,Absent,59,9/1/2025,16
73,309,279,Penalty,109,10/31/2024,53
74,397,333,Penalty,117,11/30/2024,93
75,487,149,Absent,174,6/6/2025,196
76,398,109,Absent,170,4/17/2025,53
77,453,208,Penalty,99,9/18/2025,112
78,110,1,Late,71,7/22/2025,146
79,211,64,Absent,199,9/17/2025,175
80,142,362,Late,85,3/22/2025,89
81,355,400,Late,102,4/13/2025,197
82,226,391,Late,156,9/13/2025,35
83,399,391,Absent,114,11/22/2024,160
84,44,430,Absent,110,11/25/2024,2
85,137,156,Absent,115,9/26/2025,181
86,324,244,Absent,160,10/1/2025,79
87,166,199,Absent,129,4/26/2025,70
88,10,417,Absent,107,3/16/2025,174
89,414,94,Absent,141,3/5/2025,116
90,38,165,Penalty,189,4/5/2025,182
91,274,123,Absent,194,6/15/2025,155
92,128,105,Penalty,179,12/5/2024,103
93,434,252,Absent,197,8/20/2025,184
94,118,5,Penalty,76,1/7/2025,96
95,463,19,Late,142,12/8/2024,42
96,350,58,Absent,152,7/26/2025,200
97,248,302,Penalty,97,8/16/2025,87
98,81,214,Absent,65,6/11/2025,145
99,469,413,Penalty,196,9/28/2025,101
100,9,354,Penalty,70,9/29/2025,178
101,283,131,Penalty,79,10/20/2024,126
102,256,493,Absent,159,10/24/2024,50
103,348,233,Penalty,78,1/23/2025,138
104,284,209,Absent,170,11/19/2024,188
105,110,312,Penalty,133,9/14/2025,103
106,339,2,Late,83,6/11/2025,31
107,354,118,Late,151,7/6/2025,57
108,93,443,Penalty,55,7/23/2025,117
109,349,50,Late,164,3/19/2025,88
110,322,46,Absent,182,11/24/2024,199
111,121,100,Late,150,10/18/2025,83
112,147,290,Late,69,3/12/2025,141
113,315,199,Late,152,5/15/2025,68
114,403,475,Late,74,9/26/2025,69
115,47,375,Absent,143,12/6/2024,47
116,262,444,Late,140,10/9/2025,168
117,319,493,Absent,62,7/12/2025,164
118,140,385,Late,192,12/2/2024,79
119,10,338,Late,84,3/9/2025,140
120,287,125,Penalty,105,1/2/2025,187
121,432,471,Penalty,74,5/10/2025,133
122,162,175,Penalty,50,9/30/2025,63
123,357,148,Absent,140,2/17/2025,28
124,175,313,Absent,150,9/10/2025,69
125,175,241,Penalty,91,4/24/2025,97
126,278,109,Absent,61,9/10/2025,36
127,292,208,Penalty,108,9/6/2025,44
128,408,165,Penalty,80,8/16/2025,123
129,347,241,Penalty,187,10/24/2024,95
130,212,29,Penalty,133,1/29/2025,103
131,416,118,Penalty,143,5/3/2025,157
132,28,430,Absent,58,3/14/2025,147
133,346,392,Late,116,8/19/2025,27
134,255,359,Penalty,195,10/10/2025,46
135,488,17,Late,166,1/10/2025,182
136,104,492,Absent,63,11/25/2024,58
137,211,161,Absent,142,9/23/2025,18
138,32,215,Absent,80,5/17/2025,93
139,487,133,Absent,114,5/23/2025,120
140,41,26,Penalty,143,10/6/2025,83
141,294,499,Penalty,129,10/8/2025,192
142,138,285,Late,174,9/3/2025,188
143,276,407,Penalty,98,8/2/2025,11
144,294,479,Penalty,131,1/29/2025,173
145,465,97,Penalty,125,7/1/2025,62
146,390,433,Absent,53,5/27/2025,199
147,149,120,Late,55,11/21/2024,48
148,199,388,Penalty,91,2/4/2025,105
149,392,106,Absent,59,10/14/2025,103
150,234,140,Absent,187,4/1/2025,40
151,237,340,Penalty,195,8/2/2025,182
152,151,383,Penalty,105,9/3/2025,131
153,221,177,Late,90,2/16/2025,132
154,448,396,Penalty,159,3/25/2025,97
155,106,357,Late,181,12/30/2024,5
156,347,112,Absent,168,8/1/2025,86
157,395,485,Late,151,4/25/2025,141
158,384,96,Late,190,12/14/2024,117
159,264,318,Late,101,11/12/2024,13
160,208,132,Absent,156,5/5/2025,11
161,113,188,Absent,183,2/21/2025,149
162,38,427,Late,78,4/23/2025,100
163,314,429,Absent,119,3/11/2025,27
164,113,433,Late,178,12/24/2024,27
165,455,468,Absent,55,2/2/2025,138
166,93,312,Late,169,5/31/2025,190
167,377,302,Absent,51,1/3/2025,157
168,225,311,Late,86,3/25/2025,77
169,170,191,Late,54,12/17/2024,24
170,118,26,Absent,57,3/27/2025,78
171,374,62,Late,173,2/23/2025,180
172,221,251,Absent,127,11/24/2024,174
173,498,464,Absent,71,4/16/2025,120
174,181,365,Absent,60,2/17/2025,100
175,290,309,Absent,163,7/22/2025,15
176,97,441,Absent,108,6/6/2025,73
177,100,413,Penalty,122,10/10/2025,49
178,330,398,Absent,80,7/9/2025,161
179,494,87,Late,165,12/10/2024,19
180,409,320,Late,155,9/14/2025,4
181,90,413,Penalty,58,7/10/2025,79
182,285,165,Late,178,7/8/2025,41
183,244,500,Absent,87,5/19/2025,52
184,153,294,Late,142,6/10/2025,86
185,17,487,Absent,128,11/16/2024,102
186,450,268,Penalty,85,3/2/2025,46
187,277,145,Absent,90,4/7/2025,87
188,228,166,Absent,91,3/23/2025,140
189,398,462,Late,91,3/30/2025,5
190,122,360,Penalty,102,2/22/2025,20
191,9,410,Late,143,6/13/2025,180
192,410,342,Absent,89,7/12/2025,71
193,123,216,Late,154,5/16/2025,101
194,226,116,Penalty,79,1/8/2025,144
195,155,264,Penalty,155,8/3/2025,1
196,237,210,Late,154,5/12/2025,175
197,274,271,Late,155,10/29/2024,179
198,79,80,Late,169,5/7/2025,29
199,222,230,Penalty,188,4/18/2025,136
200,300,12,Late,117,3/17/2025,148
201,347,373,Absent,122,11/17/2024,187
202,170,28,Penalty,177,7/11/2025,81
203,206,18,Late,181,12/23/2024,155
204,77,329,Late,133,6/29/2025,151
205,125,99,Absent,117,10/23/2024,182
206,147,440,Absent,52,5/27/2025,45
207,127,55,Absent,192,10/9/2025,93
208,118,248,Late,197,1/30/2025,150
209,152,232,Penalty,67,5/14/2025,131
210,476,463,Late,101,11/4/2024,73
211,474,471,Penalty,86,11/18/2024,152
212,280,239,Absent,51,7/14/2025,71
213,462,269,Absent,75,11/7/2024,14
214,146,95,Absent,52,8/23/2025,52
215,133,405,Penalty,189,1/21/2025,37
216,13,111,Penalty,175,4/10/2025,170
217,416,416,Penalty,52,5/1/2025,178
218,206,75,Late,107,12/28/2024,34
219,474,437,Penalty,131,7/14/2025,155
220,141,179,Penalty,184,4/26/2025,133
221,79,263,Absent,87,6/16/2025,179
222,43,168,Penalty,72,1/17/2025,95
223,378,83,Absent,170,11/23/2024,31
224,12,313,Penalty,163,5/14/2025,75
225,233,434,Penalty,100,8/24/2025,25
226,407,486,Late,183,7/21/2025,99
227,71,22,Absent,151,3/4/2025,192
228,52,239,Late,159,1/23/2025,12
229,213,271,Absent,124,2/3/2025,83
230,477,485,Late,191,12/1/2024,35
231,482,493,Late,181,7/17/2025,102
232,460,366,Penalty,124,7/14/2025,5
233,292,38,Penalty,61,12/7/2024,6
234,306,155,Penalty,106,8/15/2025,7
235,340,364,Penalty,118,3/24/2025,186
236,304,299,Absent,75,9/3/2025,179
237,194,302,Late,67,12/7/2024,87
238,230,135,Penalty,178,5/6/2025,1
239,281,134,Penalty,189,3/23/2025,41
240,83,427,Penalty,60,11/20/2024,75
241,467,48,Penalty,134,3/14/2025,5
242,77,464,Absent,197,12/11/2024,171
243,399,26,Penalty,130,7/19/2025,11
244,490,344,Absent,173,2/22/2025,133
245,381,382,Penalty,80,2/10/2025,54
246,16,220,Penalty,87,5/2/2025,152
247,262,45,Absent,59,11/18/2024,189
248,259,442,Absent,164,8/11/2025,60
249,10,112,Penalty,160,6/28/2025,171
250,490,363,Absent,104,8/9/2025,48
251,25,346,Late,86,8/17/2025,1
252,351,315,Late,70,7/21/2025,92
253,403,239,Late,129,4/6/2025,69
254,344,153,Absent,79,12/21/2024,140
255,460,476,Absent,91,10/31/2024,92
256,309,203,Absent,150,11/9/2024,30
257,414,168,Penalty,178,5/4/2025,12
258,56,66,Absent,168,11/13/2024,80
259,48,400,Absent,75,4/6/2025,29
260,136,340,Absent,141,10/2/2025,177
261,315,477,Penalty,183,9/5/2025,19
262,173,165,Penalty,165,1/15/2025,155
263,205,157,Absent,182,3/23/2025,196
264,96,443,Absent,165,3/9/2025,200
265,468,241,Absent,155,12/12/2024,127
266,152,65,Penalty,167,6/10/2025,68
267,28,194,Penalty,143,2/7/2025,67
268,438,451,Absent,55,10/5/2025,197
269,182,459,Late,168,5/3/2025,86
270,226,121,Late,191,12/23/2024,97
271,291,226,Penalty,191,12/25/2024,111
272,421,66,Penalty,98,12/12/2024,19
273,412,331,Penalty,186,4/11/2025,180
274,382,377,Late,69,12/4/2024,159
275,121,147,Penalty,109,5/22/2025,73
276,290,234,Late,109,3/22/2025,160
277,457,475,Late,147,6/29/2025,28
278,59,91,Penalty,95,4/29/2025,38
279,138,78,Penalty,196,7/6/2025,90
280,495,70,Late,64,6/11/2025,64
281,121,137,Penalty,116,1/17/2025,133
282,33,84,Absent,72,11/23/2024,184
283,170,426,Penalty,56,7/15/2025,114
284,364,240,Absent,95,12/27/2024,5
285,373,300,Late,92,1/21/2025,2
286,53,419,Penalty,115,5/14/2025,32
287,415,303,Absent,131,11/14/2024,34
288,236,14,Absent,76,5/12/2025,104
289,361,68,Penalty,76,1/11/2025,20
290,193,94,Absent,136,11/21/2024,147
291,217,67,Penalty,200,5/19/2025,112
292,367,300,Penalty,86,9/18/2025,134
293,24,437,Absent,54,7/29/2025,34
294,171,463,Absent,72,9/12/2025,49
295,461,347,Late,89,9/16/2025,145
296,242,35,Absent,140,10/28/2024,145
297,176,463,Penalty,118,9/3/2025,160
298,2,202,Penalty,52,5/4/2025,38
299,439,81,Absent,153,7/17/2025,78
300,248,325,Penalty,174,4/5/2025,141
301,293,354,Penalty,54,9/29/2025,182
302,360,14,Late,173,9/30/2025,77
303,169,348,Penalty,199,6/19/2025,74
304,14,35,Penalty,154,9/27/2025,9
305,266,431,Absent,54,6/9/2025,173
306,361,436,Late,160,3/1/2025,46
307,345,107,Late,130,11/13/2024,106
308,468,194,Penalty,187,1/12/2025,194
309,173,275,Late,130,2/13/2025,72
310,292,276,Absent,73,1/8/2025,18
311,248,22,Late,179,12/10/2024,71
312,311,53,Penalty,196,2/2/2025,49
313,227,262,Late,87,3/27/2025,101
314,262,357,Penalty,66,1/19/2025,121
315,143,121,Late,109,10/22/2024,191
316,316,194,Absent,55,10/14/2025,157
317,96,427,Late,63,5/29/2025,8
318,97,8,Absent,72,5/26/2025,183
319,456,159,Late,103,1/31/2025,185
320,462,231,Late,106,5/9/2025,6
321,287,417,Absent,163,12/11/2024,74
322,152,185,Penalty,153,1/31/2025,165
323,32,293,Penalty,129,4/7/2025,166
324,68,274,Late,169,10/28/2024,128
325,261,176,Penalty,187,10/25/2024,47
326,482,219,Absent,152,4/27/2025,163
327,319,152,Absent,193,5/25/2025,6
328,298,284,Penalty,149,1/30/2025,128
329,202,32,Absent,190,4/7/2025,129
330,61,77,Absent,100,4/4/2025,108
331,2,17,Late,187,1/25/2025,183
332,75,332,Penalty,185,8/2/2025,105
333,223,319,Absent,170,10/20/2024,63
334,357,5,Penalty,193,1/11/2025,17
335,389,108,Late,99,11/11/2024,111
336,194,330,Late,182,10/4/2025,131
337,359,453,Penalty,143,9/19/2025,120
338,149,185,Penalty,75,4/14/2025,147
339,226,53,Penalty,51,1/6/2025,172
340,36,253,Absent,98,7/12/2025,163
341,96,436,Late,117,3/1/2025,188
342,33,272,Absent,60,12/24/2024,76
343,90,43,Penalty,115,10/31/2024,128
344,51,205,Late,53,3/3/2025,180
345,476,417,Late,135,8/18/2025,101
346,19,141,Absent,193,3/19/2025,195
347,70,425,Late,166,12/19/2024,186
348,76,1,Absent,67,11/11/2024,111
349,367,184,Absent,187,1/7/2025,187
350,275,52,Absent,190,11/15/2024,97
351,121,265,Absent,104,6/16/2025,158
352,99,237,Penalty,86,3/29/2025,132
353,210,38,Penalty,165,3/14/2025,117
354,175,356,Absent,155,1/11/2025,192
355,226,186,Absent,101,2/4/2025,144
356,307,462,Absent,143,12/8/2024,1
357,5,227,Late,99,12/12/2024,9
358,271,69,Absent,194,7/27/2025,152
359,179,301,Absent,50,9/30/2025,122
360,211,283,Penalty,145,7/12/2025,11
361,434,54,Absent,60,9/8/2025,112
362,326,104,Absent,154,4/5/2025,137
363,239,61,Absent,178,9/24/2025,15
364,202,131,Penalty,119,10/28/2024,19
365,433,148,Penalty,117,8/24/2025,162
366,217,144,Late,90,3/19/2025,185
367,372,183,Absent,181,4/20/2025,82
368,335,200,Penalty,151,4/25/2025,125
369,416,299,Absent,56,7/2/2025,74
370,136,366,Late,98,4/12/2025,87
371,224,468,Late,152,9/25/2025,33
372,380,340,Penalty,104,3/5/2025,8
373,42,389,Penalty,91,5/4/2025,120
374,234,356,Absent,140,2/9/2025,72
375,27,341,Late,173,10/30/2024,146
376,248,386,Penalty,145,2/6/2025,188
377,201,185,Penalty,200,1/9/2025,52
378,395,85,Absent,105,5/8/2025,55
379,472,305,Absent,131,11/17/2024,45
380,242,358,Penalty,158,4/19/2025,136
381,388,419,Penalty,126,11/29/2024,196
382,379,409,Late,146,5/16/2025,194
383,339,255,Late,119,12/31/2024,33
384,117,186,Penalty,165,12/20/2024,174
385,60,289,Penalty,76,7/30/2025,144
386,474,27,Absent,155,7/11/2025,32
387,497,284,Late,196,10/26/2024,159
388,243,361,Absent,183,12/4/2024,137
389,424,315,Penalty,53,4/15/2025,147
390,181,433,Late,106,10/24/2024,115
391,432,32,Penalty,158,9/20/2025,7
392,274,121,Penalty,130,9/25/2025,61
393,395,433,Penalty,152,12/4/2024,98
394,499,266,Penalty,164,4/10/2025,57
395,243,285,Absent,74,7/17/2025,15
396,25,118,Absent,143,9/16/2025,190
397,497,359,Absent,68,11/7/2024,44
398,222,221,Absent,132,7/23/2025,74
399,326,46,Penalty,87,3/3/2025,22
400,343,328,Penalty,172,2/7/2025,129
401,432,8,Penalty,139,6/3/2025,128
402,180,393,Late,100,10/24/2024,39
403,437,463,Late,180,10/17/2025,60
404,371,324,Penalty,189,7/16/2025,23
405,32,162,Late,87,5/16/2025,93
406,205,155,Absent,87,12/25/2024,199
407,32,403,Absent,160,5/19/2025,192
408,415,110,Penalty,97,4/29/2025,149
409,334,112,Late,179,3/24/2025,197
410,189,138,Late,167,6/25/2025,118
411,467,12,Late,120,8/30/2025,24
412,110,493,Absent,99,4/23/2025,40
413,412,4,Absent,84,9/11/2025,178
414,21,171,Late,191,1/25/2025,84
415,25,430,Late,109,4/5/2025,170
416,254,410,Absent,161,5/17/2025,177
417,492,490,Absent,60,5/29/2025,120
418,304,52,Absent,91,12/17/2024,19
419,478,273,Penalty,159,9/1/2025,89
420,229,250,Absent,154,12/26/2024,197
421,284,168,Absent,81,12/19/2024,104
422,315,415,Penalty,161,6/25/2025,42
423,321,352,Absent,178,3/29/2025,12
424,257,330,Penalty,120,3/1/2025,152
425,375,223,Late,62,8/2/2025,138
426,263,347,Absent,113,1/1/2025,157
427,214,157,Penalty,195,3/23/2025,75
428,164,10,Penalty,146,12/7/2024,196
429,146,161,Late,175,11/4/2024,157
430,3,164,Late,101,6/23/2025,94
431,360,142,Absent,55,1/29/2025,187
432,346,42,Absent,82,10/8/2025,20
433,500,315,Late,182,5/29/2025,13
434,5,368,Absent,97,8/5/2025,125
435,131,312,Absent,102,4/15/2025,139
436,186,253,Penalty,76,2/2/2025,109
437,393,467,Penalty,88,12/3/2024,85
438,149,49,Penalty,102,12/18/2024,159
439,193,357,Late,52,11/14/2024,101
440,115,74,Late,93,12/29/2024,48
441,294,328,Absent,143,6/18/2025,138
442,360,337,Penalty,195,4/6/2025,126
443,46,133,Penalty,128,6/24/2025,50
444,496,100,Absent,118,7/18/2025,188
445,351,487,Absent,85,8/21/2025,1
446,241,433,Late,51,6/23/2025,142
447,257,140,Absent,98,8/30/2025,83
448,113,181,Late,139,10/12/2025,94
449,406,42,Late,127,7/3/2025,72
450,376,26,Penalty,119,5/15/2025,114
451,29,442,Absent,169,1/21/2025,93
452,272,225,Penalty,165,3/11/2025,154
453,152,180,Late,153,3/5/2025,184
454,417,471,Penalty,187,3/18/2025,80
455,449,175,Penalty,150,11/10/2024,79
456,349,358,Absent,81,5/5/2025,126
457,448,337,Late,171,7/24/2025,107
458,205,111,Penalty,109,8/18/2025,93
459,116,467,Late,86,5/29/2025,181
460,380,319,Absent,152,8/1/2025,37
461,334,219,Late,73,1/4/2025,79
462,100,497,Late,61,2/20/2025,97
463,277,268,Absent,178,1/24/2025,171
464,330,142,Penalty,147,10/31/2024,134
465,45,270,Late,69,1/8/2025,123
466,45,224,Penalty,75,11/27/2024,59
467,237,330,Absent,81,8/17/2025,133
468,86,17,Penalty,75,6/20/2025,155
469,88,201,Absent,139,2/21/2025,56
470,42,345,Absent,190,4/23/2025,174
471,43,391,Penalty,147,1/26/2025,131
472,51,12,Late,158,7/21/2025,90
473,154,293,Penalty,198,5/4/2025,192
474,58,223,Absent,148,10/28/2024,8
475,242,149,Late,144,5/6/2025,95
476,201,235,Late,56,7/11/2025,154
477,272,341,Absent,64,7/13/2025,8
478,114,429,Absent,70,11/20/2024,20
479,357,399,Absent,145,8/29/2025,36
480,394,390,Penalty,53,4/4/2025,167
481,329,70,Absent,163,9/28/2025,41
482,376,411,Penalty,51,3/9/2025,53
483,370,142,Late,92,8/7/2025,105
484,402,142,Absent,125,8/8/2025,76
485,456,407,Absent,63,1/26/2025,17
486,162,267,Late,90,9/21/2025,1
487,13,470,Penalty,93,8/12/2025,1
488,96,170,Late,61,6/2/2025,183
489,333,5,Penalty,200,2/7/2025,97
490,149,242,Absent,112,1/5/2025,37
491,82,499,Penalty,177,10/2/2025,71
492,168,82,Late,107,3/3/2025,20
493,370,232,Absent,150,9/16/2025,122
494,103,321,Absent,63,1/20/2025,33
495,22,217,Absent,116,8/23/2025,21
496,469,414,Penalty,126,7/20/2025,102
497,53,489,Late,61,9/27/2025,171
498,41,294,Absent,154,7/31/2025,112
499,289,254,Penalty,161,9/19/2025,39
500,205,364,Late,80,6/16/2025,157
501,34,22,Penalty,182,8/1/2025,113
502,301,56,Penalty,143,9/19/2025,16
503,435,35,Absent,182,9/20/2025,132
504,243,35,Absent,128,12/3/2024,153
505,372,106,Penalty,145,8/30/2025,171
506,211,66,Absent,98,9/20/2025,71
507,393,459,Penalty,92,10/4/2025,54
508,316,423,Late,57,11/1/2024,184
509,318,125,Absent,134,5/17/2025,108
510,459,494,Penalty,107,11/29/2024,182
511,345,431,Absent,58,8/15/2025,26
512,57,319,Absent,178,4/2/2025,79
513,238,17,Late,66,10/30/2024,48
514,226,296,Absent,187,4/15/2025,160
515,405,250,Penalty,161,11/30/2024,11
516,30,55,Absent,192,6/7/2025,76
517,375,56,Absent,115,10/21/2024,191
518,495,105,Late,62,6/30/2025,33
519,371,405,Penalty,189,11/29/2024,101
520,105,165,Penalty,196,6/15/2025,24
521,500,428,Late,92,3/1/2025,99
522,377,30,Late,151,2/11/2025,107
523,114,106,Late,73,5/15/2025,43
524,143,444,Late,184,10/23/2024,67
525,260,403,Late,53,3/10/2025,124
526,325,356,Absent,176,4/15/2025,176
527,35,244,Absent,178,7/24/2025,35
528,31,420,Penalty,148,1/16/2025,82
529,301,8,Penalty,59,8/16/2025,145
530,255,3,Penalty,168,11/21/2024,96
531,51,215,Penalty,198,4/15/2025,16
532,104,386,Late,130,6/13/2025,65
533,52,306,Penalty,82,11/2/2024,149
534,135,224,Absent,100,2/26/2025,171
535,228,368,Absent,170,12/31/2024,157
536,360,302,Absent,75,9/29/2025,165
537,92,329,Penalty,114,3/30/2025,93
538,256,3,Late,164,4/26/2025,134
539,480,167,Penalty,183,3/21/2025,172
540,23,479,Penalty,139,7/9/2025,112
541,441,266,Penalty,197,4/7/2025,169
542,269,118,Penalty,182,4/11/2025,178
543,117,151,Late,197,1/21/2025,158
544,422,131,Late,166,11/28/2024,194
545,55,366,Absent,51,12/19/2024,96
546,239,205,Late,72,2/10/2025,45
547,25,307,Absent,114,6/3/2025,87
548,439,423,Late,52,5/30/2025,64
549,78,159,Absent,144,8/17/2025,30
550,16,31,Penalty,155,7/13/2025,90
551,82,65,Late,124,3/19/2025,42
552,412,203,Absent,138,1/16/2025,173
553,390,188,Late,98,6/21/2025,9
554,96,423,Penalty,117,12/21/2024,158
555,264,269,Late,89,8/15/2025,140
556,64,13,Penalty,178,6/10/2025,65
557,336,119,Absent,83,7/27/2025,157
558,375,1,Absent,100,8/19/2025,46
559,113,17,Absent,156,2/15/2025,111
560,373,281,Penalty,114,12/5/2024,151
561,167,265,Absent,66,1/24/2025,22
562,381,113,Late,127,8/29/2025,65
563,143,263,Penalty,176,10/26/2024,70
564,470,112,Penalty,113,5/21/2025,176
565,306,495,Late,129,9/20/2025,160
566,490,244,Late,180,11/11/2024,64
567,242,77,Penalty,84,12/23/2024,6
568,30,187,Late,78,6/17/2025,67
569,250,42,Absent,118,9/11/2025,11
570,232,398,Late,199,10/14/2025,172
571,63,456,Penalty,169,6/1/2025,55
572,424,450,Late,136,4/22/2025,105
573,309,378,Penalty,66,4/10/2025,109
574,241,461,Penalty,175,3/30/2025,128
575,472,191,Late,153,10/14/2025,10
576,452,324,Late,162,11/5/2024,81
577,363,349,Penalty,51,12/1/2024,47
578,400,85,Late,184,2/2/2025,118
579,302,242,Penalty,192,6/16/2025,101
580,30,376,Absent,161,11/1/2024,183
581,451,229,Absent,87,11/8/2024,67
582,14,418,Penalty,156,5/15/2025,109
583,63,28,Absent,180,2/27/2025,135
584,434,338,Late,151,11/7/2024,57
585,383,440,Penalty,66,5/9/2025,114
586,169,93,Penalty,157,1/25/2025,181
587,185,224,Late,126,3/26/2025,28
588,425,492,Penalty,96,3/21/2025,86
589,293,273,Penalty,67,8/16/2025,115
590,431,389,Late,106,11/12/2024,170
591,286,349,Penalty,99,2/15/2025,62
592,100,36,Penalty,82,8/28/2025,1
593,351,494,Late,89,12/26/2024,93
594,246,419,Late,152,8/21/2025,171
595,3,332,Penalty,97,11/7/2024,28
596,362,443,Penalty,138,11/9/2024,25
597,164,196,Absent,80,9/22/2025,131
598,38,264,Absent,125,1/31/2025,78
599,338,74,Late,186,4/6/2025,32
600,26,445,Late,168,3/2/2025,43
601,482,297,Absent,90,6/20/2025,157
602,479,304,Absent,102,6/3/2025,184
603,29,139,Absent,188,1/13/2025,34
604,35,190,Absent,199,11/1/2024,187
605,461,326,Penalty,136,3/2/2025,185
606,458,451,Absent,165,11/21/2024,25
607,343,193,Absent,97,7/27/2025,118
608,380,426,Late,188,5/14/2025,93
609,249,224,Absent,50,12/25/2024,152
610,149,248,Penalty,100,11/15/2024,193
611,107,452,Penalty,192,4/30/2025,69
612,36,70,Late,102,11/4/2024,11
613,426,177,Penalty,198,10/17/2025,143
614,181,88,Penalty,138,2/9/2025,31
615,136,347,Absent,153,10/24/2024,152
616,240,368,Penalty,185,1/20/2025,15
617,265,38,Penalty,122,4/5/2025,117
618,44,205,Absent,101,2/18/2025,133
619,234,194,Late,57,6/22/2025,161
620,212,14,Penalty,64,2/3/2025,151
621,498,441,Late,150,8/18/2025,18
622,268,178,Late,145,8/13/2025,110
623,155,362,Penalty,199,1/26/2025,27
624,195,11,Penalty,79,6/2/2025,133
625,473,1,Penalty,115,2/17/2025,50
626,171,326,Late,133,8/16/2025,62
627,78,374,Late,168,4/9/2025,197
628,423,82,Late,169,11/5/2024,74
629,493,157,Absent,119,8/10/2025,12
630,38,373,Absent,188,9/5/2025,84
631,419,158,Late,50,7/11/2025,61
632,449,468,Absent,165,12/29/2024,42
633,14,8,Penalty,97,11/1/2024,23
634,275,329,Late,90,6/1/2025,21
635,259,26,Absent,162,10/24/2024,134
636,89,41,Penalty,73,10/21/2024,151
637,407,246,Absent,97,6/5/2025,94
638,239,438,Penalty,62,2/24/2025,92
639,255,11,Absent,147,9/30/2025,72
640,454,23,Late,109,7/27/2025,55
641,5,75,Late,124,1/10/2025,78
642,67,157,Absent,82,12/10/2024,45
643,2,241,Penalty,51,10/4/2025,192
644,303,302,Penalty,200,1/17/2025,61
645,499,346,Penalty,83,2/9/2025,111
646,270,167,Penalty,89,11/13/2024,193
647,375,320,Penalty,86,4/19/2025,154
648,73,7,Penalty,113,10/19/2024,5
649,328,76,Late,150,12/12/2024,156
650,109,102,Penalty,181,12/5/2024,115
651,168,212,Penalty,197,8/9/2025,119
652,79,86,Penalty,181,9/11/2025,196
653,350,106,Absent,164,2/6/2025,40
654,326,494,Late,105,3/15/2025,74
655,491,330,Late,106,7/26/2025,30
656,9,59,Penalty,149,12/24/2024,110
657,104,50,Penalty,105,4/5/2025,79
658,135,29,Absent,56,6/22/2025,128
659,392,57,Absent,164,4/24/2025,10
660,402,244,Absent,104,11/25/2024,28
661,386,268,Absent,81,3/31/2025,119
662,338,479,Absent,136,11/11/2024,156
663,201,160,Absent,182,1/17/2025,57
664,184,206,Absent,181,11/17/2024,109
665,20,255,Late,167,5/18/2025,8
666,63,311,Penalty,109,7/14/2025,136
667,489,439,Penalty,185,3/28/2025,161
668,66,319,Penalty,76,1/10/2025,130
669,3,445,Late,139,11/20/2024,23
670,254,408,Late,58,9/24/2025,158
671,426,179,Late,87,4/22/2025,151
672,440,353,Late,157,5/18/2025,194
673,365,118,Absent,124,1/26/2025,101
674,27,65,Penalty,86,12/2/2024,105
675,387,267,Late,108,11/22/2024,96
676,54,310,Absent,191,9/13/2025,35
677,309,295,Late,102,7/21/2025,92
678,125,83,Late,139,4/10/2025,184
679,209,17,Absent,60,10/11/2025,27
680,343,490,Absent,185,10/31/2024,151
681,43,478,Absent,84,10/4/2025,94
682,279,139,Late,153,9/3/2025,145
683,113,65,Absent,153,12/17/2024,79
684,459,380,Late,193,6/22/2025,135
685,429,306,Penalty,77,9/12/2025,6
686,359,68,Penalty,138,7/11/2025,23
687,156,268,Absent,184,6/27/2025,113
688,372,90,Absent,133,7/2/2025,7
689,254,461,Late,83,5/2/2025,76
690,275,427,Absent,169,1/10/2025,4
691,347,435,Absent,191,9/14/2025,189
692,44,378,Absent,182,11/26/2024,109
693,193,168,Late,200,5/11/2025,190
694,116,450,Penalty,125,5/26/2025,14
695,302,378,Penalty,66,5/1/2025,178
696,422,499,Penalty,144,4/12/2025,161
697,81,30,Late,63,12/1/2024,57
698,374,444,Late,58,1/20/2025,121
699,153,45,Late,142,10/15/2025,189
700,17,1,Absent,112,3/22/2025,141
701,64,466,Late,84,12/10/2024,62
702,72,51,Absent,113,10/14/2025,26
703,499,204,Penalty,113,4/1/2025,105
704,407,203,Late,106,2/12/2025,137
705,237,398,Penalty,137,9/5/2025,150
706,199,468,Absent,177,9/29/2025,11
707,130,100,Absent,99,1/18/2025,133
708,308,99,Penalty,70,3/22/2025,161
709,138,392,Absent,59,12/11/2024,43
710,245,280,Absent,113,11/28/2024,171
711,385,410,Late,181,5/9/2025,68
712,361,82,Absent,179,3/24/2025,73
713,354,338,Late,135,9/17/2025,38
714,168,324,Absent,66,6/26/2025,18
715,131,436,Penalty,111,11/25/2024,161
716,153,128,Late,97,10/8/2025,46
717,495,15,Late,53,5/25/2025,163
718,389,172,Absent,75,3/20/2025,42
719,49,451,Penalty,68,2/3/2025,79
720,364,262,Absent,115,4/4/2025,129
721,201,469,Absent,66,7/29/2025,25
722,273,227,Late,93,2/12/2025,142
723,286,341,Penalty,164,2/17/2025,165
724,279,105,Absent,103,10/5/2025,57
725,86,430,Penalty,136,1/20/2025,30
726,285,111,Absent,194,4/19/2025,123
727,219,402,Absent,179,9/27/2025,96
728,473,175,Late,57,7/31/2025,111
729,60,213,Late,197,3/21/2025,13
730,327,422,Penalty,161,6/30/2025,80
731,469,409,Late,92,11/9/2024,71
732,451,491,Penalty,135,8/19/2025,197
733,302,60,Absent,175,8/28/2025,141
734,386,472,Absent,166,7/19/2025,181
735,302,44,Absent,60,1/11/2025,158
736,141,342,Penalty,103,1/4/2025,35
737,123,132,Penalty,194,3/11/2025,106
738,113,183,Absent,98,1/27/2025,125
739,254,394,Penalty,85,4/19/2025,112
740,433,296,Absent,73,3/19/2025,66
741,194,266,Absent,95,5/25/2025,146
742,157,76,Absent,149,6/18/2025,115
743,482,351,Late,109,12/26/2024,37
744,487,383,Late,75,9/22/2025,175
745,174,269,Penalty,67,9/20/2025,55
746,105,491,Penalty,147,1/25/2025,85
747,476,227,Late,67,8/21/2025,18
748,260,12,Penalty,106,5/2/2025,174
749,494,101,Absent,76,4/12/2025,124
750,344,184,Late,99,7/31/2025,177
751,127,253,Late,198,11/29/2024,99
752,110,66,Absent,138,6/25/2025,29
753,225,139,Penalty,194,6/23/2025,77
754,470,331,Absent,114,3/10/2025,170
755,473,68,Penalty,181,8/27/2025,168
756,320,414,Late,151,4/1/2025,139
757,283,236,Penalty,172,2/9/2025,24
758,279,115,Penalty,77,10/17/2025,55
759,252,182,Penalty,151,6/18/2025,38
760,158,190,Penalty,163,7/4/2025,172
761,242,458,Penalty,196,12/4/2024,176
762,174,94,Penalty,163,7/31/2025,71
763,124,359,Penalty,132,8/30/2025,14
764,106,438,Late,63,4/1/2025,95
765,242,237,Late,95,3/12/2025,58
766,356,29,Penalty,124,3/27/2025,9
767,185,135,Absent,137,12/19/2024,116
768,132,121,Late,122,7/19/2025,176
769,137,267,Penalty,134,7/12/2025,134
770,308,21,Absent,59,3/18/2025,13
771,174,150,Penalty,101,12/17/2024,193
772,147,206,Late,105,3/14/2025,4
773,81,147,Late,190,5/29/2025,171
774,63,348,Penalty,198,11/24/2024,88
775,274,150,Absent,65,12/25/2024,26
776,319,69,Absent,166,7/6/2025,39
777,294,177,Late,193,9/24/2025,157
778,330,166,Late,100,2/17/2025,152
779,67,113,Late,147,4/8/2025,34
780,293,112,Absent,71,7/29/2025,166
781,348,36,Late,140,10/27/2024,42
782,18,180,Penalty,122,7/19/2025,89
783,390,77,Absent,119,1/15/2025,146
784,156,451,Penalty,134,11/26/2024,53
785,124,209,Late,92,7/27/2025,15
786,146,125,Absent,97,5/5/2025,149
787,440,413,Late,72,4/1/2025,189
788,255,336,Penalty,165,5/13/2025,158
789,70,161,Penalty,187,3/17/2025,60
790,396,451,Penalty,154,6/7/2025,68
791,490,375,Absent,90,12/25/2024,99
792,459,466,Penalty,61,7/1/2025,86
793,92,454,Late,105,3/20/2025,127
794,49,260,Late,68,12/12/2024,75
795,396,362,Absent,134,2/11/2025,42
796,428,306,Late,181,4/16/2025,113
797,304,448,Absent,116,10/3/2025,5
798,336,288,Late,171,12/8/2024,135
799,289,214,Late,123,10/16/2025,22
800,302,251,Late,51,4/19/2025,41
801,110,488,Late,126,7/1/2025,20
802,306,401,Absent,152,3/5/2025,66
803,319,95,Absent,190,10/25/2024,82
804,56,402,Late,174,8/15/2025,118
805,226,286,Late,84,5/10/2025,10
806,305,276,Penalty,168,7/9/2025,109
807,54,500,Late,184,3/24/2025,138
808,356,474,Late,121,11/3/2024,185
809,134,331,Late,87,12/9/2024,61
810,360,438,Penalty,140,1/13/2025,89
811,417,173,Penalty,170,1/30/2025,160
812,368,1,Penalty,162,10/20/2024,189
813,163,464,Late,120,1/12/2025,98
814,342,403,Penalty,150,2/8/2025,29
815,382,315,Absent,185,3/26/2025,125
816,423,477,Penalty,88,10/15/2025,70
817,106,168,Late,67,5/31/2025,110
818,342,338,Absent,135,4/19/2025,133
819,348,106,Late,135,7/9/2025,188
820,122,139,Absent,136,3/17/2025,152
821,344,195,Late,77,11/17/2024,174
822,275,184,Absent,81,10/4/2025,182
823,315,85,Absent,63,3/16/2025,179
824,196,394,Penalty,144,9/13/2025,79
825,466,479,Penalty,126,6/11/2025,9
826,317,405,Late,151,11/1/2024,93
827,464,2,Absent,176,11/26/2024,114
828,430,262,Penalty,152,9/20/2025,109
829,5,220,Late,128,10/29/2024,186
830,104,31,Late,86,12/29/2024,197
831,254,62,Late,129,4/25/2025,9
832,74,377,Late,130,6/30/2025,128
833,83,75,Penalty,58,12/28/2024,34
834,264,347,Absent,150,5/5/2025,99
835,18,44,Penalty,168,9/9/2025,128
836,388,44,Late,105,5/17/2025,28
837,146,336,Absent,156,7/26/2025,35
838,108,254,Absent,137,6/29/2025,75
839,468,445,Penalty,80,7/28/2025,102
840,388,196,Late,163,7/20/2025,126
841,434,9,Penalty,194,4/26/2025,185
842,185,86,Absent,100,5/13/2025,155
843,345,49,Late,94,9/25/2025,174
844,62,260,Penalty,116,2/5/2025,130
845,324,390,Absent,74,7/21/2025,102
846,116,110,Late,91,11/21/2024,187
847,301,63,Late,84,8/18/2025,142
848,83,392,Late,50,10/9/2025,182
849,418,159,Penalty,170,5/17/2025,6
850,170,478,Absent,118,12/7/2024,54
851,203,405,Absent,111,2/2/2025,188
852,50,371,Absent,180,2/22/2025,92
853,500,352,Late,83,11/18/2024,108
854,72,165,Late,95,2/18/2025,76
855,332,311,Late,86,9/26/2025,42
856,85,224,Late,136,1/18/2025,49
857,32,94,Late,81,5/11/2025,123
858,416,92,Penalty,143,3/29/2025,185
859,50,294,Penalty,96,5/5/2025,87
860,156,339,Penalty,106,9/18/2025,170
861,293,20,Absent,122,11/5/2024,52
862,141,283,Absent,72,8/20/2025,11
863,50,300,Absent,189,11/14/2024,137
864,51,428,Penalty,99,7/24/2025,162
865,278,107,Penalty,112,11/8/2024,88
866,64,498,Absent,189,11/6/2024,96
867,194,495,Penalty,162,1/5/2025,137
868,311,96,Late,103,1/15/2025,163
869,355,361,Penalty,177,10/2/2025,183
870,71,283,Penalty,129,1/24/2025,68
871,363,421,Absent,117,4/24/2025,175
872,138,151,Late,159,10/24/2024,8
873,340,358,Penalty,102,2/9/2025,172
874,133,393,Penalty,116,11/7/2024,41
875,227,302,Penalty,172,6/8/2025,144
876,424,360,Late,76,1/21/2025,96
877,406,458,Penalty,183,7/3/2025,189
878,432,79,Penalty,145,11/13/2024,17
879,475,149,Absent,146,1/13/2025,163
880,268,402,Absent,160,7/16/2025,53
881,431,47,Late,128,5/13/2025,31
882,497,466,Penalty,101,12/14/2024,66
883,455,222,Late,70,2/20/2025,144
884,10,29,Absent,82,9/21/2025,145
885,88,229,Penalty,189,11/9/2024,147
886,343,16,Late,79,3/4/2025,94
887,51,339,Late,111,12/1/2024,146
888,252,150,Absent,72,11/7/2024,175
889,495,144,Penalty,115,2/23/2025,174
890,210,439,Absent,131,3/25/2025,39
891,289,78,Late,89,7/18/2025,171
892,27,194,Absent,51,7/7/2025,109
893,188,344,Late,136,5/29/2025,13
894,283,66,Penalty,92,8/11/2025,91
895,381,133,Absent,96,11/29/2024,42
896,298,387,Penalty,156,2/7/2025,152
897,127,463,Late,182,12/17/2024,102
898,381,45,Late,88,11/5/2024,55
899,486,442,Late,160,1/27/2025,184
900,275,67,Penalty,105,11/25/2024,118
901,419,362,Late,66,12/12/2024,77
902,428,205,Absent,95,11/11/2024,32
903,405,214,Penalty,54,8/29/2025,34
904,66,327,Late,195,3/23/2025,57
905,226,7,Late,82,6/29/2025,169
906,489,253,Penalty,84,5/19/2025,199
907,203,367,Absent,86,8/19/2025,103
908,381,49,Absent,178,1/21/2025,53
909,227,269,Absent,51,12/7/2024,166
910,320,38,Penalty,98,12/2/2024,110
911,102,188,Absent,160,3/8/2025,4
912,195,61,Absent,72,3/5/2025,92
913,80,447,Absent,178,9/21/2025,93
914,429,135,Penalty,178,7/23/2025,3
915,18,364,Absent,95,2/16/2025,13
916,15,200,Absent,189,11/15/2024,113
917,395,223,Late,193,4/3/2025,12
918,189,406,Absent,154,1/18/2025,196
919,241,341,Late,196,1/14/2025,169
920,447,302,Absent,122,12/21/2024,78
921,429,19,Penalty,127,12/27/2024,189
922,493,461,Late,116,5/28/2025,146
923,479,361,Late,122,2/25/2025,143
924,300,490,Penalty,122,1/8/2025,79
925,231,474,Absent,94,6/6/2025,192
926,340,345,Penalty,108,3/5/2025,182
927,114,454,Penalty,171,7/17/2025,59
928,482,389,Penalty,129,8/15/2025,148
929,160,39,Absent,136,2/28/2025,101
930,168,389,Absent,130,9/14/2025,112
931,314,15,Absent,53,4/16/2025,4
932,402,223,Late,127,3/7/2025,131
933,114,193,Absent,121,8/8/2025,18
934,438,88,Absent,200,7/19/2025,107
935,183,455,Late,187,10/8/2025,108
936,130,466,Absent,145,9/14/2025,188
937,474,211,Penalty,74,11/24/2024,67
938,188,18,Late,65,8/13/2025,132
939,269,153,Late,72,3/15/2025,8
940,420,79,Absent,100,6/10/2025,127
941,242,280,Late,67,5/3/2025,139
942,347,25,Penalty,132,10/17/2025,152
943,158,38,Late,123,7/11/2025,91
944,260,463,Absent,84,12/26/2024,135
945,89,147,Penalty,128,7/28/2025,90
946,7,464,Late,177,9/26/2025,96
947,383,218,Penalty,97,9/1/2025,89
948,136,117,Absent,143,1/2/2025,44
949,53,115,Absent,147,2/21/2025,95
950,41,255,Penalty,122,6/26/2025,55
951,155,77,Absent,98,5/22/2025,132
952,270,131,Absent,102,3/17/2025,152
953,67,110,Absent,57,7/11/2025,105
954,418,415,Penalty,117,6/10/2025,176
955,245,183,Penalty,115,8/1/2025,50
956,14,132,Penalty,88,1/28/2025,119
957,463,457,Absent,125,2/22/2025,10
958,272,267,Late,91,11/4/2024,42
959,20,143,Late,147,1/1/2025,156
960,206,170,Penalty,94,6/1/2025,11
961,70,27,Penalty,185,6/25/2025,78
962,256,44,Late,117,6/5/2025,123
963,255,329,Absent,111,9/22/2025,34
964,23,84,Penalty,147,7/26/2025,186
965,291,461,Absent,155,1/28/2025,190
966,279,319,Absent,195,3/1/2025,113
967,448,483,Absent,119,11/6/2024,145
968,88,395,Absent,60,12/17/2024,86
969,418,464,Absent,199,1/23/2025,3
970,200,246,Absent,97,9/30/2025,109
971,182,449,Penalty,60,7/30/2025,46
972,80,77,Late,81,10/1/2025,41
973,56,176,Penalty,101,6/18/2025,155
974,210,451,Penalty,134,4/4/2025,69
975,428,499,Penalty,163,6/30/2025,120
976,175,103,Late,66,6/6/2025,196
977,236,498,Absent,184,4/21/2025,167
978,109,234,Penalty,139,3/3/2025,51
979,29,125,Late,195,9/29/2025,144
980,118,16,Absent,85,1/21/2025,183
981,392,72,Penalty,79,10/30/2024,41
982,120,449,Late,81,9/17/2025,145
983,348,324,Penalty,70,8/31/2025,88
984,83,64,Late,123,2/13/2025,26
985,444,409,Late,127,1/26/2025,140
986,428,64,Penalty,112,9/6/2025,60
987,252,179,Late,110,6/14/2025,176
988,316,459,Absent,168,2/11/2025,178
989,415,241,Penalty,149,10/28/2024,69
990,203,494,Penalty,199,10/4/2025,4
991,188,281,Penalty,151,9/9/2025,36
992,100,473,Penalty,54,1/7/2025,68
993,436,402,Penalty,195,10/4/2025,144
994,294,466,Absent,193,2/22/2025,87
995,379,462,Absent,67,8/4/2025,113
996,151,97,Late,115,9/10/2025,147
997,446,252,Late,137,6/6/2025,135
998,414,432,Late,58,11/20/2024,46
999,135,143,Late,134,1/20/2025,115
1000,214,465,Absent,164,7/17/2025,169
